Potential,State,Exact/Expected Energy,Representative PINN Energy,Abs. Error,Rel. Error (%)
Harmonic Oscillator,n=0,0.5,0.5031,0.0030999999999999917,0.6199999999999983
Harmonic Oscillator,n=1,1.5,1.4928,0.007200000000000095,0.48000000000000637
Harmonic Oscillator,n=2,2.5,2.5116,0.011600000000000055,0.4640000000000022
Particle in a Box,n=0,4.934802200544679,4.9361,0.001297799455320714,0.0262989153886952
Particle in a Box,n=1,19.739208802178716,19.721,0.0182088021787159,0.0922468694728337
Particle in a Box,n=2,44.41321980490211,44.2814,0.13181980490211487,0.2968030813374293
Finite Well,n=0,0.84,0.842,0.0020000000000000018,0.2380952380952383
Finite Well,n=1,3.18,3.184,0.0040000000000000036,0.1257861635220127
